tag,value,unit,recorded_at,source,external_id
chw_supply_temp_c,7.18,C,2026-08-20T07:00:00Z,plc_export,CHILL-01-chw_supply_temp_c-000
chw_supply_temp_c,7.3,C,2026-08-20T08:00:00Z,plc_export,CHILL-01-chw_supply_temp_c-001
chw_supply_temp_c,6.69,C,2026-08-20T09:00:00Z,plc_export,CHILL-01-chw_supply_temp_c-002
chw_supply_temp_c,7.07,C,2026-08-20T10:00:00Z,plc_export,CHILL-01-chw_supply_temp_c-003
chw_supply_temp_c,7.35,C,2026-08-20T11:00:00Z,plc_export,CHILL-01-chw_supply_temp_c-004
chw_supply_temp_c,7.03,C,2026-08-20T12:00:00Z,plc_export,CHILL-01-chw_supply_temp_c-005
chw_supply_temp_c,7.04,C,2026-08-20T13:00:00Z,plc_export,CHILL-01-chw_supply_temp_c-006
chw_supply_temp_c,7.48,C,2026-08-20T14:00:00Z,plc_export,CHILL-01-chw_supply_temp_c-007
chw_supply_temp_c,7.41,C,2026-08-20T15:00:00Z,plc_export,CHILL-01-chw_supply_temp_c-008
chw_supply_temp_c,7.12,C,2026-08-20T16:00:00Z,plc_export,CHILL-01-chw_supply_temp_c-009
chw_supply_temp_c,7.51,C,2026-08-20T17:00:00Z,plc_export,CHILL-01-chw_supply_temp_c-010
chw_supply_temp_c,7.14,C,2026-08-20T18:00:00Z,plc_export,CHILL-01-chw_supply_temp_c-011
chw_supply_temp_c,6.87,C,2026-08-20T19:00:00Z,plc_export,CHILL-01-chw_supply_temp_c-012
chw_supply_temp_c,7.74,C,2026-08-20T20:00:00Z,plc_export,CHILL-01-chw_supply_temp_c-013
chw_supply_temp_c,6.77,C,2026-08-20T21:00:00Z,plc_export,CHILL-01-chw_supply_temp_c-014
chw_supply_temp_c,7.01,C,2026-08-20T22:00:00Z,plc_export,CHILL-01-chw_supply_temp_c-015
chw_supply_temp_c,8.06,C,2026-08-20T23:00:00Z,plc_export,CHILL-01-chw_supply_temp_c-016
chw_supply_temp_c,7.1,C,2026-08-21T00:00:00Z,plc_export,CHILL-01-chw_supply_temp_c-017
chw_supply_temp_c,7.17,C,2026-08-21T01:00:00Z,plc_export,CHILL-01-chw_supply_temp_c-018
chw_supply_temp_c,7.18,C,2026-08-21T02:00:00Z,plc_export,CHILL-01-chw_supply_temp_c-019
chw_supply_temp_c,7.29,C,2026-08-21T03:00:00Z,plc_export,CHILL-01-chw_supply_temp_c-020
chw_supply_temp_c,7.34,C,2026-08-21T04:00:00Z,plc_export,CHILL-01-chw_supply_temp_c-021
chw_supply_temp_c,7.46,C,2026-08-21T05:00:00Z,plc_export,CHILL-01-chw_supply_temp_c-022
chw_supply_temp_c,7.16,C,2026-08-21T06:00:00Z,plc_export,CHILL-01-chw_supply_temp_c-023
chw_supply_temp_c,7.04,C,2026-08-21T07:00:00Z,plc_export,CHILL-01-chw_supply_temp_c-024
chw_supply_temp_c,6.87,C,2026-08-21T08:00:00Z,plc_export,CHILL-01-chw_supply_temp_c-025
chw_supply_temp_c,7.41,C,2026-08-21T09:00:00Z,plc_export,CHILL-01-chw_supply_temp_c-026
chw_supply_temp_c,7.38,C,2026-08-21T10:00:00Z,plc_export,CHILL-01-chw_supply_temp_c-027
chw_supply_temp_c,7.15,C,2026-08-21T11:00:00Z,plc_export,CHILL-01-chw_supply_temp_c-028
chw_supply_temp_c,6.94,C,2026-08-21T12:00:00Z,plc_export,CHILL-01-chw_supply_temp_c-029
chw_supply_temp_c,6.83,C,2026-08-21T13:00:00Z,plc_export,CHILL-01-chw_supply_temp_c-030
chw_supply_temp_c,7.45,C,2026-08-21T14:00:00Z,plc_export,CHILL-01-chw_supply_temp_c-031
chw_supply_temp_c,7.33,C,2026-08-21T15:00:00Z,plc_export,CHILL-01-chw_supply_temp_c-032
chw_supply_temp_c,7.39,C,2026-08-21T16:00:00Z,plc_export,CHILL-01-chw_supply_temp_c-033
chw_supply_temp_c,7.04,C,2026-08-21T17:00:00Z,plc_export,CHILL-01-chw_supply_temp_c-034
chw_supply_temp_c,7.02,C,2026-08-21T18:00:00Z,plc_export,CHILL-01-chw_supply_temp_c-035
chw_supply_temp_c,7.3,C,2026-08-21T19:00:00Z,plc_export,CHILL-01-chw_supply_temp_c-036
chw_supply_temp_c,7.3,C,2026-08-21T20:00:00Z,plc_export,CHILL-01-chw_supply_temp_c-037
chw_supply_temp_c,7.3,C,2026-08-21T21:00:00Z,plc_export,CHILL-01-chw_supply_temp_c-038
chw_supply_temp_c,7.34,C,2026-08-21T22:00:00Z,plc_export,CHILL-01-chw_supply_temp_c-039
chw_supply_temp_c,7.74,C,2026-08-21T23:00:00Z,plc_export,CHILL-01-chw_supply_temp_c-040
chw_supply_temp_c,7.67,C,2026-08-22T00:00:00Z,plc_export,CHILL-01-chw_supply_temp_c-041
chw_supply_temp_c,7.77,C,2026-08-22T01:00:00Z,plc_export,CHILL-01-chw_supply_temp_c-042
chw_supply_temp_c,7.17,C,2026-08-22T02:00:00Z,plc_export,CHILL-01-chw_supply_temp_c-043
chw_supply_temp_c,7.53,C,2026-08-22T03:00:00Z,plc_export,CHILL-01-chw_supply_temp_c-044
chw_supply_temp_c,7.57,C,2026-08-22T04:00:00Z,plc_export,CHILL-01-chw_supply_temp_c-045
chw_supply_temp_c,7.65,C,2026-08-22T05:00:00Z,plc_export,CHILL-01-chw_supply_temp_c-046
chw_supply_temp_c,6.86,C,2026-08-22T06:00:00Z,plc_export,CHILL-01-chw_supply_temp_c-047
chw_supply_temp_c,7.74,C,2026-08-22T07:00:00Z,plc_export,CHILL-01-chw_supply_temp_c-048
chw_supply_temp_c,7.46,C,2026-08-22T08:00:00Z,plc_export,CHILL-01-chw_supply_temp_c-049
chw_supply_temp_c,7.25,C,2026-08-22T09:00:00Z,plc_export,CHILL-01-chw_supply_temp_c-050
chw_supply_temp_c,7.27,C,2026-08-22T10:00:00Z,plc_export,CHILL-01-chw_supply_temp_c-051
chw_supply_temp_c,7.15,C,2026-08-22T11:00:00Z,plc_export,CHILL-01-chw_supply_temp_c-052
chw_supply_temp_c,7.8,C,2026-08-22T12:00:00Z,plc_export,CHILL-01-chw_supply_temp_c-053
chw_supply_temp_c,6.86,C,2026-08-22T13:00:00Z,plc_export,CHILL-01-chw_supply_temp_c-054
chw_supply_temp_c,7.34,C,2026-08-22T14:00:00Z,plc_export,CHILL-01-chw_supply_temp_c-055
chw_supply_temp_c,7.28,C,2026-08-22T15:00:00Z,plc_export,CHILL-01-chw_supply_temp_c-056
chw_supply_temp_c,7.24,C,2026-08-22T16:00:00Z,plc_export,CHILL-01-chw_supply_temp_c-057
chw_supply_temp_c,6.57,C,2026-08-22T17:00:00Z,plc_export,CHILL-01-chw_supply_temp_c-058
chw_supply_temp_c,7.52,C,2026-08-22T18:00:00Z,plc_export,CHILL-01-chw_supply_temp_c-059
chw_supply_temp_c,7.04,C,2026-08-22T19:00:00Z,plc_export,CHILL-01-chw_supply_temp_c-060
chw_supply_temp_c,7.56,C,2026-08-22T20:00:00Z,plc_export,CHILL-01-chw_supply_temp_c-061
chw_supply_temp_c,7.14,C,2026-08-22T21:00:00Z,plc_export,CHILL-01-chw_supply_temp_c-062
chw_supply_temp_c,7.27,C,2026-08-22T22:00:00Z,plc_export,CHILL-01-chw_supply_temp_c-063
chw_supply_temp_c,7.55,C,2026-08-22T23:00:00Z,plc_export,CHILL-01-chw_supply_temp_c-064
chw_supply_temp_c,7.18,C,2026-08-23T00:00:00Z,plc_export,CHILL-01-chw_supply_temp_c-065
chw_supply_temp_c,7.04,C,2026-08-23T01:00:00Z,plc_export,CHILL-01-chw_supply_temp_c-066
chw_supply_temp_c,7.41,C,2026-08-23T02:00:00Z,plc_export,CHILL-01-chw_supply_temp_c-067
chw_supply_temp_c,7.4,C,2026-08-23T03:00:00Z,plc_export,CHILL-01-chw_supply_temp_c-068
chw_supply_temp_c,7.03,C,2026-08-23T04:00:00Z,plc_export,CHILL-01-chw_supply_temp_c-069
chw_supply_temp_c,7.36,C,2026-08-23T05:00:00Z,plc_export,CHILL-01-chw_supply_temp_c-070
chw_supply_temp_c,7.41,C,2026-08-23T06:00:00Z,plc_export,CHILL-01-chw_supply_temp_c-071
chw_supply_temp_c,7.32,C,2026-08-23T07:00:00Z,plc_export,CHILL-01-chw_supply_temp_c-072
chw_supply_temp_c,7.31,C,2026-08-23T08:00:00Z,plc_export,CHILL-01-chw_supply_temp_c-073
chw_supply_temp_c,7.27,C,2026-08-23T09:00:00Z,plc_export,CHILL-01-chw_supply_temp_c-074
chw_supply_temp_c,7.38,C,2026-08-23T10:00:00Z,plc_export,CHILL-01-chw_supply_temp_c-075
chw_supply_temp_c,7.14,C,2026-08-23T11:00:00Z,plc_export,CHILL-01-chw_supply_temp_c-076
chw_supply_temp_c,7.38,C,2026-08-23T12:00:00Z,plc_export,CHILL-01-chw_supply_temp_c-077
chw_supply_temp_c,6.92,C,2026-08-23T13:00:00Z,plc_export,CHILL-01-chw_supply_temp_c-078
chw_supply_temp_c,7.17,C,2026-08-23T14:00:00Z,plc_export,CHILL-01-chw_supply_temp_c-079
chw_supply_temp_c,7.13,C,2026-08-23T15:00:00Z,plc_export,CHILL-01-chw_supply_temp_c-080
chw_supply_temp_c,7.43,C,2026-08-23T16:00:00Z,plc_export,CHILL-01-chw_supply_temp_c-081
chw_supply_temp_c,6.96,C,2026-08-23T17:00:00Z,plc_export,CHILL-01-chw_supply_temp_c-082
chw_supply_temp_c,7.45,C,2026-08-23T18:00:00Z,plc_export,CHILL-01-chw_supply_temp_c-083
chw_supply_temp_c,7.1,C,2026-08-23T19:00:00Z,plc_export,CHILL-01-chw_supply_temp_c-084
chw_supply_temp_c,6.98,C,2026-08-23T20:00:00Z,plc_export,CHILL-01-chw_supply_temp_c-085
chw_supply_temp_c,6.77,C,2026-08-23T21:00:00Z,plc_export,CHILL-01-chw_supply_temp_c-086
chw_supply_temp_c,7.68,C,2026-08-23T22:00:00Z,plc_export,CHILL-01-chw_supply_temp_c-087
chw_supply_temp_c,7.13,C,2026-08-23T23:00:00Z,plc_export,CHILL-01-chw_supply_temp_c-088
chw_supply_temp_c,7.78,C,2026-08-24T00:00:00Z,plc_export,CHILL-01-chw_supply_temp_c-089
chw_supply_temp_c,6.9,C,2026-08-24T01:00:00Z,plc_export,CHILL-01-chw_supply_temp_c-090
chw_supply_temp_c,7.55,C,2026-08-24T02:00:00Z,plc_export,CHILL-01-chw_supply_temp_c-091
chw_supply_temp_c,7.26,C,2026-08-24T03:00:00Z,plc_export,CHILL-01-chw_supply_temp_c-092
chw_supply_temp_c,6.86,C,2026-08-24T04:00:00Z,plc_export,CHILL-01-chw_supply_temp_c-093
chw_supply_temp_c,7.34,C,2026-08-24T05:00:00Z,plc_export,CHILL-01-chw_supply_temp_c-094
chw_supply_temp_c,7.69,C,2026-08-24T06:00:00Z,plc_export,CHILL-01-chw_supply_temp_c-095
chw_supply_temp_c,6.65,C,2026-08-24T07:00:00Z,plc_export,CHILL-01-chw_supply_temp_c-096
chw_supply_temp_c,6.81,C,2026-08-24T08:00:00Z,plc_export,CHILL-01-chw_supply_temp_c-097
chw_supply_temp_c,7.2,C,2026-08-24T09:00:00Z,plc_export,CHILL-01-chw_supply_temp_c-098
chw_supply_temp_c,7.02,C,2026-08-24T10:00:00Z,plc_export,CHILL-01-chw_supply_temp_c-099
chw_supply_temp_c,7.19,C,2026-08-24T11:00:00Z,plc_export,CHILL-01-chw_supply_temp_c-100
chw_supply_temp_c,7.16,C,2026-08-24T12:00:00Z,plc_export,CHILL-01-chw_supply_temp_c-101
chw_supply_temp_c,7.2,C,2026-08-24T13:00:00Z,plc_export,CHILL-01-chw_supply_temp_c-102
chw_supply_temp_c,6.93,C,2026-08-24T14:00:00Z,plc_export,CHILL-01-chw_supply_temp_c-103
chw_supply_temp_c,7.27,C,2026-08-24T15:00:00Z,plc_export,CHILL-01-chw_supply_temp_c-104
chw_supply_temp_c,7.77,C,2026-08-24T16:00:00Z,plc_export,CHILL-01-chw_supply_temp_c-105
chw_supply_temp_c,6.98,C,2026-08-24T17:00:00Z,plc_export,CHILL-01-chw_supply_temp_c-106
chw_supply_temp_c,7.13,C,2026-08-24T18:00:00Z,plc_export,CHILL-01-chw_supply_temp_c-107
chw_supply_temp_c,7.57,C,2026-08-24T19:00:00Z,plc_export,CHILL-01-chw_supply_temp_c-108
chw_supply_temp_c,7.59,C,2026-08-24T20:00:00Z,plc_export,CHILL-01-chw_supply_temp_c-109
chw_supply_temp_c,6.51,C,2026-08-24T21:00:00Z,plc_export,CHILL-01-chw_supply_temp_c-110
chw_supply_temp_c,7.12,C,2026-08-24T22:00:00Z,plc_export,CHILL-01-chw_supply_temp_c-111
chw_supply_temp_c,7.2,C,2026-08-24T23:00:00Z,plc_export,CHILL-01-chw_supply_temp_c-112
chw_supply_temp_c,7.59,C,2026-08-25T00:00:00Z,plc_export,CHILL-01-chw_supply_temp_c-113
chw_supply_temp_c,6.82,C,2026-08-25T01:00:00Z,plc_export,CHILL-01-chw_supply_temp_c-114
chw_supply_temp_c,7.88,C,2026-08-25T02:00:00Z,plc_export,CHILL-01-chw_supply_temp_c-115
chw_supply_temp_c,7.23,C,2026-08-25T03:00:00Z,plc_export,CHILL-01-chw_supply_temp_c-116
chw_supply_temp_c,7.37,C,2026-08-25T04:00:00Z,plc_export,CHILL-01-chw_supply_temp_c-117
chw_supply_temp_c,7.55,C,2026-08-25T05:00:00Z,plc_export,CHILL-01-chw_supply_temp_c-118
chw_supply_temp_c,7.2,C,2026-08-25T06:00:00Z,plc_export,CHILL-01-chw_supply_temp_c-119
condenser_pressure_bar,27.4,bar,2026-08-20T07:00:00Z,plc_export,CHILL-01-condenser_pressure_bar-000
condenser_pressure_bar,27.92,bar,2026-08-20T08:00:00Z,plc_export,CHILL-01-condenser_pressure_bar-001
condenser_pressure_bar,27.33,bar,2026-08-20T09:00:00Z,plc_export,CHILL-01-condenser_pressure_bar-002
condenser_pressure_bar,27.18,bar,2026-08-20T10:00:00Z,plc_export,CHILL-01-condenser_pressure_bar-003
condenser_pressure_bar,27.95,bar,2026-08-20T11:00:00Z,plc_export,CHILL-01-condenser_pressure_bar-004
condenser_pressure_bar,27.68,bar,2026-08-20T12:00:00Z,plc_export,CHILL-01-condenser_pressure_bar-005
condenser_pressure_bar,27.65,bar,2026-08-20T13:00:00Z,plc_export,CHILL-01-condenser_pressure_bar-006
condenser_pressure_bar,27.57,bar,2026-08-20T14:00:00Z,plc_export,CHILL-01-condenser_pressure_bar-007
condenser_pressure_bar,27.9,bar,2026-08-20T15:00:00Z,plc_export,CHILL-01-condenser_pressure_bar-008
condenser_pressure_bar,28.17,bar,2026-08-20T16:00:00Z,plc_export,CHILL-01-condenser_pressure_bar-009
condenser_pressure_bar,28.07,bar,2026-08-20T17:00:00Z,plc_export,CHILL-01-condenser_pressure_bar-010
condenser_pressure_bar,27.33,bar,2026-08-20T18:00:00Z,plc_export,CHILL-01-condenser_pressure_bar-011
condenser_pressure_bar,27.69,bar,2026-08-20T19:00:00Z,plc_export,CHILL-01-condenser_pressure_bar-012
condenser_pressure_bar,28.39,bar,2026-08-20T20:00:00Z,plc_export,CHILL-01-condenser_pressure_bar-013
condenser_pressure_bar,28.45,bar,2026-08-20T21:00:00Z,plc_export,CHILL-01-condenser_pressure_bar-014
condenser_pressure_bar,27.7,bar,2026-08-20T22:00:00Z,plc_export,CHILL-01-condenser_pressure_bar-015
condenser_pressure_bar,28.64,bar,2026-08-20T23:00:00Z,plc_export,CHILL-01-condenser_pressure_bar-016
condenser_pressure_bar,27.84,bar,2026-08-21T00:00:00Z,plc_export,CHILL-01-condenser_pressure_bar-017
condenser_pressure_bar,28.57,bar,2026-08-21T01:00:00Z,plc_export,CHILL-01-condenser_pressure_bar-018
condenser_pressure_bar,26.98,bar,2026-08-21T02:00:00Z,plc_export,CHILL-01-condenser_pressure_bar-019
condenser_pressure_bar,27.88,bar,2026-08-21T03:00:00Z,plc_export,CHILL-01-condenser_pressure_bar-020
condenser_pressure_bar,27.59,bar,2026-08-21T04:00:00Z,plc_export,CHILL-01-condenser_pressure_bar-021
condenser_pressure_bar,27.24,bar,2026-08-21T05:00:00Z,plc_export,CHILL-01-condenser_pressure_bar-022
condenser_pressure_bar,27.53,bar,2026-08-21T06:00:00Z,plc_export,CHILL-01-condenser_pressure_bar-023
condenser_pressure_bar,27.45,bar,2026-08-21T07:00:00Z,plc_export,CHILL-01-condenser_pressure_bar-024
condenser_pressure_bar,27.47,bar,2026-08-21T08:00:00Z,plc_export,CHILL-01-condenser_pressure_bar-025
condenser_pressure_bar,26.49,bar,2026-08-21T09:00:00Z,plc_export,CHILL-01-condenser_pressure_bar-026
condenser_pressure_bar,27.49,bar,2026-08-21T10:00:00Z,plc_export,CHILL-01-condenser_pressure_bar-027
condenser_pressure_bar,27.57,bar,2026-08-21T11:00:00Z,plc_export,CHILL-01-condenser_pressure_bar-028
condenser_pressure_bar,27.72,bar,2026-08-21T12:00:00Z,plc_export,CHILL-01-condenser_pressure_bar-029
condenser_pressure_bar,27.67,bar,2026-08-21T13:00:00Z,plc_export,CHILL-01-condenser_pressure_bar-030
condenser_pressure_bar,27.27,bar,2026-08-21T14:00:00Z,plc_export,CHILL-01-condenser_pressure_bar-031
condenser_pressure_bar,27.42,bar,2026-08-21T15:00:00Z,plc_export,CHILL-01-condenser_pressure_bar-032
condenser_pressure_bar,27.41,bar,2026-08-21T16:00:00Z,plc_export,CHILL-01-condenser_pressure_bar-033
condenser_pressure_bar,27.74,bar,2026-08-21T17:00:00Z,plc_export,CHILL-01-condenser_pressure_bar-034
condenser_pressure_bar,27.82,bar,2026-08-21T18:00:00Z,plc_export,CHILL-01-condenser_pressure_bar-035
condenser_pressure_bar,27.73,bar,2026-08-21T19:00:00Z,plc_export,CHILL-01-condenser_pressure_bar-036
condenser_pressure_bar,27.41,bar,2026-08-21T20:00:00Z,plc_export,CHILL-01-condenser_pressure_bar-037
condenser_pressure_bar,28.38,bar,2026-08-21T21:00:00Z,plc_export,CHILL-01-condenser_pressure_bar-038
condenser_pressure_bar,27.72,bar,2026-08-21T22:00:00Z,plc_export,CHILL-01-condenser_pressure_bar-039
condenser_pressure_bar,26.72,bar,2026-08-21T23:00:00Z,plc_export,CHILL-01-condenser_pressure_bar-040
condenser_pressure_bar,25.9,bar,2026-08-22T00:00:00Z,plc_export,CHILL-01-condenser_pressure_bar-041
condenser_pressure_bar,27.37,bar,2026-08-22T01:00:00Z,plc_export,CHILL-01-condenser_pressure_bar-042
condenser_pressure_bar,27.68,bar,2026-08-22T02:00:00Z,plc_export,CHILL-01-condenser_pressure_bar-043
condenser_pressure_bar,27.81,bar,2026-08-22T03:00:00Z,plc_export,CHILL-01-condenser_pressure_bar-044
condenser_pressure_bar,27.24,bar,2026-08-22T04:00:00Z,plc_export,CHILL-01-condenser_pressure_bar-045
condenser_pressure_bar,27.75,bar,2026-08-22T05:00:00Z,plc_export,CHILL-01-condenser_pressure_bar-046
condenser_pressure_bar,27.72,bar,2026-08-22T06:00:00Z,plc_export,CHILL-01-condenser_pressure_bar-047
condenser_pressure_bar,26.71,bar,2026-08-22T07:00:00Z,plc_export,CHILL-01-condenser_pressure_bar-048
condenser_pressure_bar,27.49,bar,2026-08-22T08:00:00Z,plc_export,CHILL-01-condenser_pressure_bar-049
condenser_pressure_bar,27.61,bar,2026-08-22T09:00:00Z,plc_export,CHILL-01-condenser_pressure_bar-050
condenser_pressure_bar,27.6,bar,2026-08-22T10:00:00Z,plc_export,CHILL-01-condenser_pressure_bar-051
condenser_pressure_bar,26.9,bar,2026-08-22T11:00:00Z,plc_export,CHILL-01-condenser_pressure_bar-052
condenser_pressure_bar,27.23,bar,2026-08-22T12:00:00Z,plc_export,CHILL-01-condenser_pressure_bar-053
condenser_pressure_bar,27.37,bar,2026-08-22T13:00:00Z,plc_export,CHILL-01-condenser_pressure_bar-054
condenser_pressure_bar,26.92,bar,2026-08-22T14:00:00Z,plc_export,CHILL-01-condenser_pressure_bar-055
condenser_pressure_bar,27.2,bar,2026-08-22T15:00:00Z,plc_export,CHILL-01-condenser_pressure_bar-056
condenser_pressure_bar,26.59,bar,2026-08-22T16:00:00Z,plc_export,CHILL-01-condenser_pressure_bar-057
condenser_pressure_bar,27.7,bar,2026-08-22T17:00:00Z,plc_export,CHILL-01-condenser_pressure_bar-058
condenser_pressure_bar,27.63,bar,2026-08-22T18:00:00Z,plc_export,CHILL-01-condenser_pressure_bar-059
condenser_pressure_bar,27.57,bar,2026-08-22T19:00:00Z,plc_export,CHILL-01-condenser_pressure_bar-060
condenser_pressure_bar,27.62,bar,2026-08-22T20:00:00Z,plc_export,CHILL-01-condenser_pressure_bar-061
condenser_pressure_bar,27.29,bar,2026-08-22T21:00:00Z,plc_export,CHILL-01-condenser_pressure_bar-062
condenser_pressure_bar,27.69,bar,2026-08-22T22:00:00Z,plc_export,CHILL-01-condenser_pressure_bar-063
condenser_pressure_bar,26.69,bar,2026-08-22T23:00:00Z,plc_export,CHILL-01-condenser_pressure_bar-064
condenser_pressure_bar,26.96,bar,2026-08-23T00:00:00Z,plc_export,CHILL-01-condenser_pressure_bar-065
condenser_pressure_bar,27.88,bar,2026-08-23T01:00:00Z,plc_export,CHILL-01-condenser_pressure_bar-066
condenser_pressure_bar,27.22,bar,2026-08-23T02:00:00Z,plc_export,CHILL-01-condenser_pressure_bar-067
condenser_pressure_bar,27.58,bar,2026-08-23T03:00:00Z,plc_export,CHILL-01-condenser_pressure_bar-068
condenser_pressure_bar,26.83,bar,2026-08-23T04:00:00Z,plc_export,CHILL-01-condenser_pressure_bar-069
condenser_pressure_bar,27.41,bar,2026-08-23T05:00:00Z,plc_export,CHILL-01-condenser_pressure_bar-070
condenser_pressure_bar,26.91,bar,2026-08-23T06:00:00Z,plc_export,CHILL-01-condenser_pressure_bar-071
condenser_pressure_bar,28.25,bar,2026-08-23T07:00:00Z,plc_export,CHILL-01-condenser_pressure_bar-072
condenser_pressure_bar,27.06,bar,2026-08-23T08:00:00Z,plc_export,CHILL-01-condenser_pressure_bar-073
condenser_pressure_bar,27.43,bar,2026-08-23T09:00:00Z,plc_export,CHILL-01-condenser_pressure_bar-074
condenser_pressure_bar,27.86,bar,2026-08-23T10:00:00Z,plc_export,CHILL-01-condenser_pressure_bar-075
condenser_pressure_bar,28.29,bar,2026-08-23T11:00:00Z,plc_export,CHILL-01-condenser_pressure_bar-076
condenser_pressure_bar,27.89,bar,2026-08-23T12:00:00Z,plc_export,CHILL-01-condenser_pressure_bar-077
condenser_pressure_bar,28.13,bar,2026-08-23T13:00:00Z,plc_export,CHILL-01-condenser_pressure_bar-078
condenser_pressure_bar,27.11,bar,2026-08-23T14:00:00Z,plc_export,CHILL-01-condenser_pressure_bar-079
condenser_pressure_bar,27.05,bar,2026-08-23T15:00:00Z,plc_export,CHILL-01-condenser_pressure_bar-080
condenser_pressure_bar,27.61,bar,2026-08-23T16:00:00Z,plc_export,CHILL-01-condenser_pressure_bar-081
condenser_pressure_bar,26.49,bar,2026-08-23T17:00:00Z,plc_export,CHILL-01-condenser_pressure_bar-082
condenser_pressure_bar,27.06,bar,2026-08-23T18:00:00Z,plc_export,CHILL-01-condenser_pressure_bar-083
condenser_pressure_bar,27.85,bar,2026-08-23T19:00:00Z,plc_export,CHILL-01-condenser_pressure_bar-084
condenser_pressure_bar,28.06,bar,2026-08-23T20:00:00Z,plc_export,CHILL-01-condenser_pressure_bar-085
condenser_pressure_bar,27.92,bar,2026-08-23T21:00:00Z,plc_export,CHILL-01-condenser_pressure_bar-086
condenser_pressure_bar,27.95,bar,2026-08-23T22:00:00Z,plc_export,CHILL-01-condenser_pressure_bar-087
condenser_pressure_bar,27.38,bar,2026-08-23T23:00:00Z,plc_export,CHILL-01-condenser_pressure_bar-088
condenser_pressure_bar,26.86,bar,2026-08-24T00:00:00Z,plc_export,CHILL-01-condenser_pressure_bar-089
condenser_pressure_bar,28.21,bar,2026-08-24T01:00:00Z,plc_export,CHILL-01-condenser_pressure_bar-090
condenser_pressure_bar,26.49,bar,2026-08-24T02:00:00Z,plc_export,CHILL-01-condenser_pressure_bar-091
condenser_pressure_bar,28.25,bar,2026-08-24T03:00:00Z,plc_export,CHILL-01-condenser_pressure_bar-092
condenser_pressure_bar,28.83,bar,2026-08-24T04:00:00Z,plc_export,CHILL-01-condenser_pressure_bar-093
condenser_pressure_bar,27.36,bar,2026-08-24T05:00:00Z,plc_export,CHILL-01-condenser_pressure_bar-094
condenser_pressure_bar,27.35,bar,2026-08-24T06:00:00Z,plc_export,CHILL-01-condenser_pressure_bar-095
condenser_pressure_bar,26.45,bar,2026-08-24T07:00:00Z,plc_export,CHILL-01-condenser_pressure_bar-096
condenser_pressure_bar,28.34,bar,2026-08-24T08:00:00Z,plc_export,CHILL-01-condenser_pressure_bar-097
condenser_pressure_bar,28.36,bar,2026-08-24T09:00:00Z,plc_export,CHILL-01-condenser_pressure_bar-098
condenser_pressure_bar,27.16,bar,2026-08-24T10:00:00Z,plc_export,CHILL-01-condenser_pressure_bar-099
condenser_pressure_bar,26.75,bar,2026-08-24T11:00:00Z,plc_export,CHILL-01-condenser_pressure_bar-100
condenser_pressure_bar,26.75,bar,2026-08-24T12:00:00Z,plc_export,CHILL-01-condenser_pressure_bar-101
condenser_pressure_bar,28.11,bar,2026-08-24T13:00:00Z,plc_export,CHILL-01-condenser_pressure_bar-102
condenser_pressure_bar,27.36,bar,2026-08-24T14:00:00Z,plc_export,CHILL-01-condenser_pressure_bar-103
condenser_pressure_bar,27.08,bar,2026-08-24T15:00:00Z,plc_export,CHILL-01-condenser_pressure_bar-104
condenser_pressure_bar,27.75,bar,2026-08-24T16:00:00Z,plc_export,CHILL-01-condenser_pressure_bar-105
condenser_pressure_bar,28.28,bar,2026-08-24T17:00:00Z,plc_export,CHILL-01-condenser_pressure_bar-106
condenser_pressure_bar,28.06,bar,2026-08-24T18:00:00Z,plc_export,CHILL-01-condenser_pressure_bar-107
condenser_pressure_bar,27.59,bar,2026-08-24T19:00:00Z,plc_export,CHILL-01-condenser_pressure_bar-108
condenser_pressure_bar,27.32,bar,2026-08-24T20:00:00Z,plc_export,CHILL-01-condenser_pressure_bar-109
condenser_pressure_bar,27.14,bar,2026-08-24T21:00:00Z,plc_export,CHILL-01-condenser_pressure_bar-110
condenser_pressure_bar,28.28,bar,2026-08-24T22:00:00Z,plc_export,CHILL-01-condenser_pressure_bar-111
condenser_pressure_bar,26.71,bar,2026-08-24T23:00:00Z,plc_export,CHILL-01-condenser_pressure_bar-112
condenser_pressure_bar,26.02,bar,2026-08-25T00:00:00Z,plc_export,CHILL-01-condenser_pressure_bar-113
condenser_pressure_bar,27.42,bar,2026-08-25T01:00:00Z,plc_export,CHILL-01-condenser_pressure_bar-114
condenser_pressure_bar,28.09,bar,2026-08-25T02:00:00Z,plc_export,CHILL-01-condenser_pressure_bar-115
condenser_pressure_bar,26.75,bar,2026-08-25T03:00:00Z,plc_export,CHILL-01-condenser_pressure_bar-116
condenser_pressure_bar,27.39,bar,2026-08-25T04:00:00Z,plc_export,CHILL-01-condenser_pressure_bar-117
condenser_pressure_bar,26.35,bar,2026-08-25T05:00:00Z,plc_export,CHILL-01-condenser_pressure_bar-118
condenser_pressure_bar,26.42,bar,2026-08-25T06:00:00Z,plc_export,CHILL-01-condenser_pressure_bar-119
compressor_current_a,141.86,A,2026-08-20T07:00:00Z,plc_export,CHILL-01-compressor_current_a-000
compressor_current_a,144.23,A,2026-08-20T08:00:00Z,plc_export,CHILL-01-compressor_current_a-001
compressor_current_a,144.24,A,2026-08-20T09:00:00Z,plc_export,CHILL-01-compressor_current_a-002
compressor_current_a,148.85,A,2026-08-20T10:00:00Z,plc_export,CHILL-01-compressor_current_a-003
compressor_current_a,142.44,A,2026-08-20T11:00:00Z,plc_export,CHILL-01-compressor_current_a-004
compressor_current_a,143.8,A,2026-08-20T12:00:00Z,plc_export,CHILL-01-compressor_current_a-005
compressor_current_a,144.69,A,2026-08-20T13:00:00Z,plc_export,CHILL-01-compressor_current_a-006
compressor_current_a,140.94,A,2026-08-20T14:00:00Z,plc_export,CHILL-01-compressor_current_a-007
compressor_current_a,144.65,A,2026-08-20T15:00:00Z,plc_export,CHILL-01-compressor_current_a-008
compressor_current_a,146.45,A,2026-08-20T16:00:00Z,plc_export,CHILL-01-compressor_current_a-009
compressor_current_a,140.27,A,2026-08-20T17:00:00Z,plc_export,CHILL-01-compressor_current_a-010
compressor_current_a,137.67,A,2026-08-20T18:00:00Z,plc_export,CHILL-01-compressor_current_a-011
compressor_current_a,142.25,A,2026-08-20T19:00:00Z,plc_export,CHILL-01-compressor_current_a-012
compressor_current_a,141.46,A,2026-08-20T20:00:00Z,plc_export,CHILL-01-compressor_current_a-013
compressor_current_a,146.03,A,2026-08-20T21:00:00Z,plc_export,CHILL-01-compressor_current_a-014
compressor_current_a,142.57,A,2026-08-20T22:00:00Z,plc_export,CHILL-01-compressor_current_a-015
compressor_current_a,148.36,A,2026-08-20T23:00:00Z,plc_export,CHILL-01-compressor_current_a-016
compressor_current_a,139.08,A,2026-08-21T00:00:00Z,plc_export,CHILL-01-compressor_current_a-017
compressor_current_a,141.08,A,2026-08-21T01:00:00Z,plc_export,CHILL-01-compressor_current_a-018
compressor_current_a,144.51,A,2026-08-21T02:00:00Z,plc_export,CHILL-01-compressor_current_a-019
compressor_current_a,142.52,A,2026-08-21T03:00:00Z,plc_export,CHILL-01-compressor_current_a-020
compressor_current_a,142.46,A,2026-08-21T04:00:00Z,plc_export,CHILL-01-compressor_current_a-021
compressor_current_a,139.15,A,2026-08-21T05:00:00Z,plc_export,CHILL-01-compressor_current_a-022
compressor_current_a,137.28,A,2026-08-21T06:00:00Z,plc_export,CHILL-01-compressor_current_a-023
compressor_current_a,136.16,A,2026-08-21T07:00:00Z,plc_export,CHILL-01-compressor_current_a-024
compressor_current_a,143.7,A,2026-08-21T08:00:00Z,plc_export,CHILL-01-compressor_current_a-025
compressor_current_a,146.23,A,2026-08-21T09:00:00Z,plc_export,CHILL-01-compressor_current_a-026
compressor_current_a,145.61,A,2026-08-21T10:00:00Z,plc_export,CHILL-01-compressor_current_a-027
compressor_current_a,137.59,A,2026-08-21T11:00:00Z,plc_export,CHILL-01-compressor_current_a-028
compressor_current_a,140.98,A,2026-08-21T12:00:00Z,plc_export,CHILL-01-compressor_current_a-029
compressor_current_a,142.06,A,2026-08-21T13:00:00Z,plc_export,CHILL-01-compressor_current_a-030
compressor_current_a,143.82,A,2026-08-21T14:00:00Z,plc_export,CHILL-01-compressor_current_a-031
compressor_current_a,147.56,A,2026-08-21T15:00:00Z,plc_export,CHILL-01-compressor_current_a-032
compressor_current_a,138.71,A,2026-08-21T16:00:00Z,plc_export,CHILL-01-compressor_current_a-033
compressor_current_a,137.47,A,2026-08-21T17:00:00Z,plc_export,CHILL-01-compressor_current_a-034
compressor_current_a,141.0,A,2026-08-21T18:00:00Z,plc_export,CHILL-01-compressor_current_a-035
compressor_current_a,140.5,A,2026-08-21T19:00:00Z,plc_export,CHILL-01-compressor_current_a-036
compressor_current_a,143.12,A,2026-08-21T20:00:00Z,plc_export,CHILL-01-compressor_current_a-037
compressor_current_a,141.13,A,2026-08-21T21:00:00Z,plc_export,CHILL-01-compressor_current_a-038
compressor_current_a,140.86,A,2026-08-21T22:00:00Z,plc_export,CHILL-01-compressor_current_a-039
compressor_current_a,140.7,A,2026-08-21T23:00:00Z,plc_export,CHILL-01-compressor_current_a-040
compressor_current_a,140.5,A,2026-08-22T00:00:00Z,plc_export,CHILL-01-compressor_current_a-041
compressor_current_a,149.03,A,2026-08-22T01:00:00Z,plc_export,CHILL-01-compressor_current_a-042
compressor_current_a,146.26,A,2026-08-22T02:00:00Z,plc_export,CHILL-01-compressor_current_a-043
compressor_current_a,142.37,A,2026-08-22T03:00:00Z,plc_export,CHILL-01-compressor_current_a-044
compressor_current_a,146.42,A,2026-08-22T04:00:00Z,plc_export,CHILL-01-compressor_current_a-045
compressor_current_a,145.1,A,2026-08-22T05:00:00Z,plc_export,CHILL-01-compressor_current_a-046
compressor_current_a,136.62,A,2026-08-22T06:00:00Z,plc_export,CHILL-01-compressor_current_a-047
compressor_current_a,139.32,A,2026-08-22T07:00:00Z,plc_export,CHILL-01-compressor_current_a-048
compressor_current_a,147.02,A,2026-08-22T08:00:00Z,plc_export,CHILL-01-compressor_current_a-049
compressor_current_a,147.59,A,2026-08-22T09:00:00Z,plc_export,CHILL-01-compressor_current_a-050
compressor_current_a,144.82,A,2026-08-22T10:00:00Z,plc_export,CHILL-01-compressor_current_a-051
compressor_current_a,146.96,A,2026-08-22T11:00:00Z,plc_export,CHILL-01-compressor_current_a-052
compressor_current_a,136.44,A,2026-08-22T12:00:00Z,plc_export,CHILL-01-compressor_current_a-053
compressor_current_a,141.42,A,2026-08-22T13:00:00Z,plc_export,CHILL-01-compressor_current_a-054
compressor_current_a,145.76,A,2026-08-22T14:00:00Z,plc_export,CHILL-01-compressor_current_a-055
compressor_current_a,142.76,A,2026-08-22T15:00:00Z,plc_export,CHILL-01-compressor_current_a-056
compressor_current_a,142.77,A,2026-08-22T16:00:00Z,plc_export,CHILL-01-compressor_current_a-057
compressor_current_a,148.42,A,2026-08-22T17:00:00Z,plc_export,CHILL-01-compressor_current_a-058
compressor_current_a,142.2,A,2026-08-22T18:00:00Z,plc_export,CHILL-01-compressor_current_a-059
compressor_current_a,141.34,A,2026-08-22T19:00:00Z,plc_export,CHILL-01-compressor_current_a-060
compressor_current_a,142.75,A,2026-08-22T20:00:00Z,plc_export,CHILL-01-compressor_current_a-061
compressor_current_a,142.43,A,2026-08-22T21:00:00Z,plc_export,CHILL-01-compressor_current_a-062
compressor_current_a,139.32,A,2026-08-22T22:00:00Z,plc_export,CHILL-01-compressor_current_a-063
compressor_current_a,146.12,A,2026-08-22T23:00:00Z,plc_export,CHILL-01-compressor_current_a-064
compressor_current_a,139.1,A,2026-08-23T00:00:00Z,plc_export,CHILL-01-compressor_current_a-065
compressor_current_a,141.3,A,2026-08-23T01:00:00Z,plc_export,CHILL-01-compressor_current_a-066
compressor_current_a,139.62,A,2026-08-23T02:00:00Z,plc_export,CHILL-01-compressor_current_a-067
compressor_current_a,140.4,A,2026-08-23T03:00:00Z,plc_export,CHILL-01-compressor_current_a-068
compressor_current_a,138.69,A,2026-08-23T04:00:00Z,plc_export,CHILL-01-compressor_current_a-069
compressor_current_a,140.03,A,2026-08-23T05:00:00Z,plc_export,CHILL-01-compressor_current_a-070
compressor_current_a,143.28,A,2026-08-23T06:00:00Z,plc_export,CHILL-01-compressor_current_a-071
compressor_current_a,140.05,A,2026-08-23T07:00:00Z,plc_export,CHILL-01-compressor_current_a-072
compressor_current_a,146.41,A,2026-08-23T08:00:00Z,plc_export,CHILL-01-compressor_current_a-073
compressor_current_a,142.21,A,2026-08-23T09:00:00Z,plc_export,CHILL-01-compressor_current_a-074
compressor_current_a,145.61,A,2026-08-23T10:00:00Z,plc_export,CHILL-01-compressor_current_a-075
compressor_current_a,143.92,A,2026-08-23T11:00:00Z,plc_export,CHILL-01-compressor_current_a-076
compressor_current_a,149.01,A,2026-08-23T12:00:00Z,plc_export,CHILL-01-compressor_current_a-077
compressor_current_a,141.64,A,2026-08-23T13:00:00Z,plc_export,CHILL-01-compressor_current_a-078
compressor_current_a,140.95,A,2026-08-23T14:00:00Z,plc_export,CHILL-01-compressor_current_a-079
compressor_current_a,143.08,A,2026-08-23T15:00:00Z,plc_export,CHILL-01-compressor_current_a-080
compressor_current_a,141.43,A,2026-08-23T16:00:00Z,plc_export,CHILL-01-compressor_current_a-081
compressor_current_a,145.79,A,2026-08-23T17:00:00Z,plc_export,CHILL-01-compressor_current_a-082
compressor_current_a,140.31,A,2026-08-23T18:00:00Z,plc_export,CHILL-01-compressor_current_a-083
compressor_current_a,141.85,A,2026-08-23T19:00:00Z,plc_export,CHILL-01-compressor_current_a-084
compressor_current_a,142.11,A,2026-08-23T20:00:00Z,plc_export,CHILL-01-compressor_current_a-085
compressor_current_a,144.74,A,2026-08-23T21:00:00Z,plc_export,CHILL-01-compressor_current_a-086
compressor_current_a,140.09,A,2026-08-23T22:00:00Z,plc_export,CHILL-01-compressor_current_a-087
compressor_current_a,143.52,A,2026-08-23T23:00:00Z,plc_export,CHILL-01-compressor_current_a-088
compressor_current_a,141.55,A,2026-08-24T00:00:00Z,plc_export,CHILL-01-compressor_current_a-089
compressor_current_a,142.16,A,2026-08-24T01:00:00Z,plc_export,CHILL-01-compressor_current_a-090
compressor_current_a,145.38,A,2026-08-24T02:00:00Z,plc_export,CHILL-01-compressor_current_a-091
compressor_current_a,145.82,A,2026-08-24T03:00:00Z,plc_export,CHILL-01-compressor_current_a-092
compressor_current_a,142.86,A,2026-08-24T04:00:00Z,plc_export,CHILL-01-compressor_current_a-093
compressor_current_a,139.47,A,2026-08-24T05:00:00Z,plc_export,CHILL-01-compressor_current_a-094
compressor_current_a,141.79,A,2026-08-24T06:00:00Z,plc_export,CHILL-01-compressor_current_a-095
compressor_current_a,140.49,A,2026-08-24T07:00:00Z,plc_export,CHILL-01-compressor_current_a-096
compressor_current_a,141.69,A,2026-08-24T08:00:00Z,plc_export,CHILL-01-compressor_current_a-097
compressor_current_a,142.03,A,2026-08-24T09:00:00Z,plc_export,CHILL-01-compressor_current_a-098
compressor_current_a,144.45,A,2026-08-24T10:00:00Z,plc_export,CHILL-01-compressor_current_a-099
compressor_current_a,143.33,A,2026-08-24T11:00:00Z,plc_export,CHILL-01-compressor_current_a-100
compressor_current_a,139.27,A,2026-08-24T12:00:00Z,plc_export,CHILL-01-compressor_current_a-101
compressor_current_a,143.31,A,2026-08-24T13:00:00Z,plc_export,CHILL-01-compressor_current_a-102
compressor_current_a,137.41,A,2026-08-24T14:00:00Z,plc_export,CHILL-01-compressor_current_a-103
compressor_current_a,144.96,A,2026-08-24T15:00:00Z,plc_export,CHILL-01-compressor_current_a-104
compressor_current_a,143.12,A,2026-08-24T16:00:00Z,plc_export,CHILL-01-compressor_current_a-105
compressor_current_a,149.12,A,2026-08-24T17:00:00Z,plc_export,CHILL-01-compressor_current_a-106
compressor_current_a,142.93,A,2026-08-24T18:00:00Z,plc_export,CHILL-01-compressor_current_a-107
compressor_current_a,145.62,A,2026-08-24T19:00:00Z,plc_export,CHILL-01-compressor_current_a-108
compressor_current_a,145.78,A,2026-08-24T20:00:00Z,plc_export,CHILL-01-compressor_current_a-109
compressor_current_a,137.69,A,2026-08-24T21:00:00Z,plc_export,CHILL-01-compressor_current_a-110
compressor_current_a,143.92,A,2026-08-24T22:00:00Z,plc_export,CHILL-01-compressor_current_a-111
compressor_current_a,138.73,A,2026-08-24T23:00:00Z,plc_export,CHILL-01-compressor_current_a-112
compressor_current_a,137.5,A,2026-08-25T00:00:00Z,plc_export,CHILL-01-compressor_current_a-113
compressor_current_a,145.51,A,2026-08-25T01:00:00Z,plc_export,CHILL-01-compressor_current_a-114
compressor_current_a,136.79,A,2026-08-25T02:00:00Z,plc_export,CHILL-01-compressor_current_a-115
compressor_current_a,138.68,A,2026-08-25T03:00:00Z,plc_export,CHILL-01-compressor_current_a-116
compressor_current_a,141.95,A,2026-08-25T04:00:00Z,plc_export,CHILL-01-compressor_current_a-117
compressor_current_a,138.66,A,2026-08-25T05:00:00Z,plc_export,CHILL-01-compressor_current_a-118
compressor_current_a,147.93,A,2026-08-25T06:00:00Z,plc_export,CHILL-01-compressor_current_a-119
approach_temp_c,1.4,C,2026-08-20T07:00:00Z,plc_export,CHILL-01-approach_temp_c-000
approach_temp_c,1.45,C,2026-08-20T08:00:00Z,plc_export,CHILL-01-approach_temp_c-001
approach_temp_c,1.21,C,2026-08-20T09:00:00Z,plc_export,CHILL-01-approach_temp_c-002
approach_temp_c,1.18,C,2026-08-20T10:00:00Z,plc_export,CHILL-01-approach_temp_c-003
approach_temp_c,1.41,C,2026-08-20T11:00:00Z,plc_export,CHILL-01-approach_temp_c-004
approach_temp_c,1.51,C,2026-08-20T12:00:00Z,plc_export,CHILL-01-approach_temp_c-005
approach_temp_c,1.32,C,2026-08-20T13:00:00Z,plc_export,CHILL-01-approach_temp_c-006
approach_temp_c,1.41,C,2026-08-20T14:00:00Z,plc_export,CHILL-01-approach_temp_c-007
approach_temp_c,1.4,C,2026-08-20T15:00:00Z,plc_export,CHILL-01-approach_temp_c-008
approach_temp_c,1.79,C,2026-08-20T16:00:00Z,plc_export,CHILL-01-approach_temp_c-009
approach_temp_c,1.61,C,2026-08-20T17:00:00Z,plc_export,CHILL-01-approach_temp_c-010
approach_temp_c,1.52,C,2026-08-20T18:00:00Z,plc_export,CHILL-01-approach_temp_c-011
approach_temp_c,1.83,C,2026-08-20T19:00:00Z,plc_export,CHILL-01-approach_temp_c-012
approach_temp_c,1.3,C,2026-08-20T20:00:00Z,plc_export,CHILL-01-approach_temp_c-013
approach_temp_c,1.42,C,2026-08-20T21:00:00Z,plc_export,CHILL-01-approach_temp_c-014
approach_temp_c,1.36,C,2026-08-20T22:00:00Z,plc_export,CHILL-01-approach_temp_c-015
approach_temp_c,1.42,C,2026-08-20T23:00:00Z,plc_export,CHILL-01-approach_temp_c-016
approach_temp_c,1.62,C,2026-08-21T00:00:00Z,plc_export,CHILL-01-approach_temp_c-017
approach_temp_c,1.63,C,2026-08-21T01:00:00Z,plc_export,CHILL-01-approach_temp_c-018
approach_temp_c,1.32,C,2026-08-21T02:00:00Z,plc_export,CHILL-01-approach_temp_c-019
approach_temp_c,1.41,C,2026-08-21T03:00:00Z,plc_export,CHILL-01-approach_temp_c-020
approach_temp_c,1.33,C,2026-08-21T04:00:00Z,plc_export,CHILL-01-approach_temp_c-021
approach_temp_c,1.56,C,2026-08-21T05:00:00Z,plc_export,CHILL-01-approach_temp_c-022
approach_temp_c,1.65,C,2026-08-21T06:00:00Z,plc_export,CHILL-01-approach_temp_c-023
approach_temp_c,1.64,C,2026-08-21T07:00:00Z,plc_export,CHILL-01-approach_temp_c-024
approach_temp_c,1.39,C,2026-08-21T08:00:00Z,plc_export,CHILL-01-approach_temp_c-025
approach_temp_c,1.27,C,2026-08-21T09:00:00Z,plc_export,CHILL-01-approach_temp_c-026
approach_temp_c,1.58,C,2026-08-21T10:00:00Z,plc_export,CHILL-01-approach_temp_c-027
approach_temp_c,1.24,C,2026-08-21T11:00:00Z,plc_export,CHILL-01-approach_temp_c-028
approach_temp_c,1.45,C,2026-08-21T12:00:00Z,plc_export,CHILL-01-approach_temp_c-029
approach_temp_c,1.55,C,2026-08-21T13:00:00Z,plc_export,CHILL-01-approach_temp_c-030
approach_temp_c,1.19,C,2026-08-21T14:00:00Z,plc_export,CHILL-01-approach_temp_c-031
approach_temp_c,1.46,C,2026-08-21T15:00:00Z,plc_export,CHILL-01-approach_temp_c-032
approach_temp_c,1.2,C,2026-08-21T16:00:00Z,plc_export,CHILL-01-approach_temp_c-033
approach_temp_c,1.02,C,2026-08-21T17:00:00Z,plc_export,CHILL-01-approach_temp_c-034
approach_temp_c,1.35,C,2026-08-21T18:00:00Z,plc_export,CHILL-01-approach_temp_c-035
approach_temp_c,1.27,C,2026-08-21T19:00:00Z,plc_export,CHILL-01-approach_temp_c-036
approach_temp_c,1.64,C,2026-08-21T20:00:00Z,plc_export,CHILL-01-approach_temp_c-037
approach_temp_c,1.41,C,2026-08-21T21:00:00Z,plc_export,CHILL-01-approach_temp_c-038
approach_temp_c,1.63,C,2026-08-21T22:00:00Z,plc_export,CHILL-01-approach_temp_c-039
approach_temp_c,1.59,C,2026-08-21T23:00:00Z,plc_export,CHILL-01-approach_temp_c-040
approach_temp_c,1.5,C,2026-08-22T00:00:00Z,plc_export,CHILL-01-approach_temp_c-041
approach_temp_c,1.53,C,2026-08-22T01:00:00Z,plc_export,CHILL-01-approach_temp_c-042
approach_temp_c,1.4,C,2026-08-22T02:00:00Z,plc_export,CHILL-01-approach_temp_c-043
approach_temp_c,1.33,C,2026-08-22T03:00:00Z,plc_export,CHILL-01-approach_temp_c-044
approach_temp_c,1.56,C,2026-08-22T04:00:00Z,plc_export,CHILL-01-approach_temp_c-045
approach_temp_c,1.48,C,2026-08-22T05:00:00Z,plc_export,CHILL-01-approach_temp_c-046
approach_temp_c,1.46,C,2026-08-22T06:00:00Z,plc_export,CHILL-01-approach_temp_c-047
approach_temp_c,1.64,C,2026-08-22T07:00:00Z,plc_export,CHILL-01-approach_temp_c-048
approach_temp_c,1.19,C,2026-08-22T08:00:00Z,plc_export,CHILL-01-approach_temp_c-049
approach_temp_c,1.3,C,2026-08-22T09:00:00Z,plc_export,CHILL-01-approach_temp_c-050
approach_temp_c,1.32,C,2026-08-22T10:00:00Z,plc_export,CHILL-01-approach_temp_c-051
approach_temp_c,1.09,C,2026-08-22T11:00:00Z,plc_export,CHILL-01-approach_temp_c-052
approach_temp_c,1.64,C,2026-08-22T12:00:00Z,plc_export,CHILL-01-approach_temp_c-053
approach_temp_c,1.57,C,2026-08-22T13:00:00Z,plc_export,CHILL-01-approach_temp_c-054
approach_temp_c,1.21,C,2026-08-22T14:00:00Z,plc_export,CHILL-01-approach_temp_c-055
approach_temp_c,1.56,C,2026-08-22T15:00:00Z,plc_export,CHILL-01-approach_temp_c-056
approach_temp_c,1.48,C,2026-08-22T16:00:00Z,plc_export,CHILL-01-approach_temp_c-057
approach_temp_c,1.51,C,2026-08-22T17:00:00Z,plc_export,CHILL-01-approach_temp_c-058
approach_temp_c,1.27,C,2026-08-22T18:00:00Z,plc_export,CHILL-01-approach_temp_c-059
approach_temp_c,1.61,C,2026-08-22T19:00:00Z,plc_export,CHILL-01-approach_temp_c-060
approach_temp_c,1.41,C,2026-08-22T20:00:00Z,plc_export,CHILL-01-approach_temp_c-061
approach_temp_c,1.05,C,2026-08-22T21:00:00Z,plc_export,CHILL-01-approach_temp_c-062
approach_temp_c,1.48,C,2026-08-22T22:00:00Z,plc_export,CHILL-01-approach_temp_c-063
approach_temp_c,1.42,C,2026-08-22T23:00:00Z,plc_export,CHILL-01-approach_temp_c-064
approach_temp_c,0.98,C,2026-08-23T00:00:00Z,plc_export,CHILL-01-approach_temp_c-065
approach_temp_c,1.33,C,2026-08-23T01:00:00Z,plc_export,CHILL-01-approach_temp_c-066
approach_temp_c,1.32,C,2026-08-23T02:00:00Z,plc_export,CHILL-01-approach_temp_c-067
approach_temp_c,1.7,C,2026-08-23T03:00:00Z,plc_export,CHILL-01-approach_temp_c-068
approach_temp_c,1.16,C,2026-08-23T04:00:00Z,plc_export,CHILL-01-approach_temp_c-069
approach_temp_c,1.46,C,2026-08-23T05:00:00Z,plc_export,CHILL-01-approach_temp_c-070
approach_temp_c,1.34,C,2026-08-23T06:00:00Z,plc_export,CHILL-01-approach_temp_c-071
approach_temp_c,1.65,C,2026-08-23T07:00:00Z,plc_export,CHILL-01-approach_temp_c-072
approach_temp_c,1.27,C,2026-08-23T08:00:00Z,plc_export,CHILL-01-approach_temp_c-073
approach_temp_c,1.57,C,2026-08-23T09:00:00Z,plc_export,CHILL-01-approach_temp_c-074
approach_temp_c,1.57,C,2026-08-23T10:00:00Z,plc_export,CHILL-01-approach_temp_c-075
approach_temp_c,1.75,C,2026-08-23T11:00:00Z,plc_export,CHILL-01-approach_temp_c-076
approach_temp_c,1.29,C,2026-08-23T12:00:00Z,plc_export,CHILL-01-approach_temp_c-077
approach_temp_c,1.2,C,2026-08-23T13:00:00Z,plc_export,CHILL-01-approach_temp_c-078
approach_temp_c,1.44,C,2026-08-23T14:00:00Z,plc_export,CHILL-01-approach_temp_c-079
approach_temp_c,1.64,C,2026-08-23T15:00:00Z,plc_export,CHILL-01-approach_temp_c-080
approach_temp_c,1.36,C,2026-08-23T16:00:00Z,plc_export,CHILL-01-approach_temp_c-081
approach_temp_c,1.82,C,2026-08-23T17:00:00Z,plc_export,CHILL-01-approach_temp_c-082
approach_temp_c,1.28,C,2026-08-23T18:00:00Z,plc_export,CHILL-01-approach_temp_c-083
approach_temp_c,1.61,C,2026-08-23T19:00:00Z,plc_export,CHILL-01-approach_temp_c-084
approach_temp_c,1.17,C,2026-08-23T20:00:00Z,plc_export,CHILL-01-approach_temp_c-085
approach_temp_c,1.51,C,2026-08-23T21:00:00Z,plc_export,CHILL-01-approach_temp_c-086
approach_temp_c,1.33,C,2026-08-23T22:00:00Z,plc_export,CHILL-01-approach_temp_c-087
approach_temp_c,1.05,C,2026-08-23T23:00:00Z,plc_export,CHILL-01-approach_temp_c-088
approach_temp_c,1.56,C,2026-08-24T00:00:00Z,plc_export,CHILL-01-approach_temp_c-089
approach_temp_c,1.08,C,2026-08-24T01:00:00Z,plc_export,CHILL-01-approach_temp_c-090
approach_temp_c,1.63,C,2026-08-24T02:00:00Z,plc_export,CHILL-01-approach_temp_c-091
approach_temp_c,1.35,C,2026-08-24T03:00:00Z,plc_export,CHILL-01-approach_temp_c-092
approach_temp_c,1.22,C,2026-08-24T04:00:00Z,plc_export,CHILL-01-approach_temp_c-093
approach_temp_c,1.05,C,2026-08-24T05:00:00Z,plc_export,CHILL-01-approach_temp_c-094
approach_temp_c,1.45,C,2026-08-24T06:00:00Z,plc_export,CHILL-01-approach_temp_c-095
approach_temp_c,1.16,C,2026-08-24T07:00:00Z,plc_export,CHILL-01-approach_temp_c-096
approach_temp_c,1.23,C,2026-08-24T08:00:00Z,plc_export,CHILL-01-approach_temp_c-097
approach_temp_c,1.32,C,2026-08-24T09:00:00Z,plc_export,CHILL-01-approach_temp_c-098
approach_temp_c,1.76,C,2026-08-24T10:00:00Z,plc_export,CHILL-01-approach_temp_c-099
approach_temp_c,1.21,C,2026-08-24T11:00:00Z,plc_export,CHILL-01-approach_temp_c-100
approach_temp_c,1.1,C,2026-08-24T12:00:00Z,plc_export,CHILL-01-approach_temp_c-101
approach_temp_c,1.49,C,2026-08-24T13:00:00Z,plc_export,CHILL-01-approach_temp_c-102
approach_temp_c,1.32,C,2026-08-24T14:00:00Z,plc_export,CHILL-01-approach_temp_c-103
approach_temp_c,1.27,C,2026-08-24T15:00:00Z,plc_export,CHILL-01-approach_temp_c-104
approach_temp_c,1.43,C,2026-08-24T16:00:00Z,plc_export,CHILL-01-approach_temp_c-105
approach_temp_c,1.71,C,2026-08-24T17:00:00Z,plc_export,CHILL-01-approach_temp_c-106
approach_temp_c,1.14,C,2026-08-24T18:00:00Z,plc_export,CHILL-01-approach_temp_c-107
approach_temp_c,1.17,C,2026-08-24T19:00:00Z,plc_export,CHILL-01-approach_temp_c-108
approach_temp_c,1.45,C,2026-08-24T20:00:00Z,plc_export,CHILL-01-approach_temp_c-109
approach_temp_c,1.43,C,2026-08-24T21:00:00Z,plc_export,CHILL-01-approach_temp_c-110
approach_temp_c,1.25,C,2026-08-24T22:00:00Z,plc_export,CHILL-01-approach_temp_c-111
approach_temp_c,1.4,C,2026-08-24T23:00:00Z,plc_export,CHILL-01-approach_temp_c-112
approach_temp_c,1.2,C,2026-08-25T00:00:00Z,plc_export,CHILL-01-approach_temp_c-113
approach_temp_c,1.41,C,2026-08-25T01:00:00Z,plc_export,CHILL-01-approach_temp_c-114
approach_temp_c,1.52,C,2026-08-25T02:00:00Z,plc_export,CHILL-01-approach_temp_c-115
approach_temp_c,1.59,C,2026-08-25T03:00:00Z,plc_export,CHILL-01-approach_temp_c-116
approach_temp_c,1.6,C,2026-08-25T04:00:00Z,plc_export,CHILL-01-approach_temp_c-117
approach_temp_c,1.25,C,2026-08-25T05:00:00Z,plc_export,CHILL-01-approach_temp_c-118
approach_temp_c,1.6,C,2026-08-25T06:00:00Z,plc_export,CHILL-01-approach_temp_c-119
